{
  "contract": "/home/runner/work/devoleum-evm-contracts/devoleum-evm-contracts/src/Devoleum.sol",
  "tool": "slither",
  "start": 1659282467.7893043,
  "end": 1659282469.4410067,
  "duration": 1.6517024040222168,
  "exit_code": 255
}