{
  "contract": "/home/runner/work/devoleum-evm-contracts/devoleum-evm-contracts/src/Devoleum.sol",
  "tool": "solhint",
  "start": 1659282524.7447708,
  "end": 1659282525.6369493,
  "duration": 0.8921785354614258,
  "exit_code": 0
}