{
  "contract": "/home/runner/work/devoleum-evm-contracts/devoleum-evm-contracts/src/Devoleum.sol",
  "tool": "oyente",
  "start": 1659282877.2512896,
  "end": 1659282878.2434676,
  "duration": 0.9921779632568359,
  "exit_code": 1
}